tx_count_30d,avg_ticket,night_ratio,distinct_merchants_30d,online_ratio,avg_days_between_tx
4,61.37,0.161,4,0.728,7.5
3,76.3,0.013,5,0.696,10.0
2,40.1,0.046,5,0.88,15.0
4,59.22,0.029,6,0.843,7.5
24,216.71,0.097,14,0.553,1.25
3,129.14,0.066,3,0.371,10.0
19,68.15,0.218,12,0.266,1.58
2,51.58,0.179,3,0.454,15.0
13,255.07,0.074,9,0.189,2.31
32,412.6,0.134,16,0.796,0.94
5,66.56,0.005,8,0.74,6.0
1,53.84,0.021,3,0.076,30.0
6,120.23,0.22,11,0.517,5.0
2,36.18,0.006,2,0.643,15.0
73,1686.78,0.848,33,0.42,3.33
37,410.87,0.154,18,0.423,0.81
9,59.31,0.121,3,0.559,3.33
7,34.55,0.096,3,0.637,4.29
5,53.36,0.029,4,0.808,6.0
6,108.4,0.093,3,0.209,5.0
25,269.5,0.161,15,0.402,1.2
15,153.18,0.102,4,0.255,2.0
3,141.25,0.006,4,0.482,10.0
22,72.2,0.216,8,0.717,1.36
2,107.55,0.106,3,0.346,15.0
5,30.35,0.026,4,0.618,6.0
10,218.2,0.3,7,0.384,3.0
14,108.71,0.438,13,0.778,2.14
5,52.14,0.005,7,0.463,6.0
18,168.6,0.084,11,0.3,1.67
13,88.19,0.009,7,0.454,2.31
4,52.81,0.176,6,0.88,7.5
15,124.44,0.206,6,0.69,2.0
3,60.52,0.02,7,0.272,10.0
3,68.02,0.021,2,0.249,10.0
6,75.65,0.026,5,0.701,5.0
3,62.57,0.244,4,0.693,10.0
42,190.42,0.152,16,0.243,0.71
29,235.03,0.303,14,0.411,1.03
5,51.58,0.272,3,0.267,6.0
3,85.9,0.092,5,0.768,10.0
32,244.44,0.169,15,0.596,0.94
8,41.5,0.007,4,0.539,3.75
7,69.07,0.009,5,0.543,4.29
14,48.01,0.314,5,0.366,2.14
1,270.6,0.057,5,0.534,30.0
15,207.84,0.153,7,0.196,2.0
5,30.34,0.199,4,0.378,6.0
17,188.84,0.395,6,0.319,1.76
7,94.92,0.028,4,0.171,4.29
22,83.91,0.204,9,0.337,1.36
4,35.05,0.143,4,0.354,7.5
28,172.08,0.048,16,0.354,1.07
24,218.37,0.245,6,0.668,1.25
3,71.75,0.106,5,0.092,10.0
5,22.91,0.008,2,0.73,6.0
21,73.31,0.088,6,0.761,1.43
1,77.11,0.022,5,0.55,30.0
37,142.21,0.095,11,0.43,0.81
29,246.29,0.026,20,0.231,1.03
15,84.14,0.246,5,0.621,2.0
3,41.9,0.168,3,0.332,10.0
12,25.93,0.001,8,0.076,2.5
5,98.55,0.002,5,0.235,6.0
14,167.92,0.362,12,0.57,2.14
14,110.05,0.032,8,0.223,2.14
3,87.52,0.039,1,0.682,10.0
35,235.52,0.086,12,0.391,0.86
10,46.72,0.044,5,0.56,3.0
5,45.59,0.05,6,0.291,6.0
15,78.32,0.727,9,0.528,2.0
28,129.18,0.125,15,0.615,1.07
2,133.54,0.029,4,0.356,15.0
4,50.89,0.0,3,0.846,7.5
25,52.2,0.096,17,0.725,1.2
3,21.17,0.01,6,0.773,10.0
6,41.8,0.061,4,0.389,5.0
17,102.79,0.233,12,0.708,1.76
2,88.95,0.38,1,0.44,15.0
12,87.54,0.115,8,0.571,2.5
29,288.24,0.427,16,0.386,1.03
10,103.12,0.22,7,0.437,3.0
26,246.34,0.144,11,0.474,1.15
79,1827.83,0.666,25,0.45,1.88
17,100.93,0.036,7,0.55,1.76
12,113.85,0.294,11,0.638,2.5
27,169.23,0.033,9,0.71,1.11
3,36.08,0.001,1,0.212,10.0
7,96.53,0.027,13,0.682,4.29
4,102.56,0.502,3,0.674,7.5
11,125.28,0.097,8,0.135,2.73
3,79.16,0.098,5,0.21,10.0
7,56.45,0.166,3,0.213,4.29
14,15.05,0.034,15,0.676,2.14
26,218.68,0.17,20,0.697,1.15
7,74.04,0.166,11,0.24,4.29
4,72.94,0.083,4,0.541,7.5
2,32.9,0.004,2,0.131,15.0
14,143.03,0.029,9,0.267,2.14
16,54.96,0.473,7,0.363,1.88
15,228.17,0.341,9,0.801,2.0
16,189.36,0.103,8,0.686,1.88
86,1595.75,0.888,33,0.647,0.88
4,24.06,0.043,3,0.391,7.5
4,95.05,0.045,5,0.911,7.5
4,51.31,0.003,3,0.414,7.5
3,46.03,0.015,5,0.432,10.0
30,322.48,0.098,11,0.119,1.0
7,83.22,0.063,2,0.602,4.29
27,457.62,0.052,13,0.116,1.11
14,30.82,0.595,8,0.458,2.14
3,99.51,0.012,6,0.389,10.0
2,69.52,0.356,1,0.748,15.0
30,183.19,0.03,23,0.727,1.0
32,319.86,0.022,13,0.383,0.94
3,103.65,0.035,4,0.443,10.0
18,113.9,0.063,5,0.368,1.67
3,101.63,0.007,6,0.73,10.0
25,350.4,0.135,15,0.596,1.2
2,28.03,0.151,3,0.182,15.0
10,193.49,0.041,7,0.74,3.0
12,205.29,0.012,12,0.21,2.5
12,87.55,0.022,8,0.255,2.5
5,26.76,0.086,7,0.698,6.0
12,66.14,0.081,6,0.504,2.5
25,550.01,0.051,13,0.724,1.2
27,226.59,0.253,8,0.531,1.11
14,152.62,0.074,12,0.416,2.14
14,88.45,0.601,10,0.616,2.14
4,27.78,0.084,3,0.502,7.5
10,119.43,0.08,7,0.378,3.0
21,49.04,0.146,9,0.344,1.43
5,78.97,0.091,7,0.31,6.0
38,497.31,0.348,12,0.553,0.79
5,59.48,0.04,5,0.232,6.0
16,40.63,0.129,8,0.603,1.88
11,82.03,0.017,7,0.484,2.73
9,199.64,0.366,7,0.462,3.33
16,54.36,0.451,8,0.548,1.88
35,708.19,0.272,19,0.42,0.86
15,48.38,0.062,8,0.769,2.0
15,134.87,0.002,6,0.315,2.0
18,101.09,0.108,12,0.352,1.67
16,92.0,0.318,11,0.598,1.88
4,51.48,0.386,2,0.885,7.5
20,112.97,0.126,7,0.357,1.5
15,66.82,0.148,9,0.131,2.0
17,91.04,0.089,4,0.909,1.76
5,38.65,0.29,4,0.548,6.0
5,109.84,0.081,7,0.092,6.0
3,80.68,0.178,4,0.244,10.0
11,117.79,0.061,12,0.523,2.73
3,50.2,0.014,3,0.601,10.0
6,50.07,0.198,1,0.291,5.0
38,279.67,0.193,11,0.49,0.79
19,67.24,0.137,9,0.252,1.58
45,1372.52,0.771,32,0.433,1.3
18,130.64,0.062,14,0.32,1.67
2,31.19,0.0,2,0.855,15.0
7,38.92,0.118,1,0.84,4.29
4,53.21,0.425,3,0.252,7.5
24,245.33,0.036,18,0.38,1.25
16,229.37,0.113,8,0.602,1.88
19,650.18,0.039,15,0.931,1.58
19,283.75,0.13,16,0.756,1.58
12,67.76,0.069,10,0.33,2.5
21,314.69,0.007,16,0.876,1.43
12,80.79,0.474,12,0.124,2.5
12,106.98,0.16,8,0.954,2.5
14,156.95,0.334,10,0.476,2.14
24,516.25,0.433,9,0.539,1.25
36,237.52,0.046,10,0.375,0.83
8,149.51,0.153,2,0.397,3.75
13,187.36,0.12,5,0.433,2.31
16,167.24,0.048,5,0.251,1.88
24,204.35,0.149,12,0.462,1.25
1,35.11,0.306,2,0.613,30.0
36,213.12,0.22,14,0.683,0.83
3,88.85,0.04,2,0.678,10.0
21,166.83,0.068,9,0.735,1.43
30,253.25,0.047,10,0.038,1.0
16,65.52,0.287,11,0.406,1.88
2,78.26,0.04,7,0.26,15.0
5,23.07,0.086,1,0.624,6.0
6,51.95,0.003,3,0.801,5.0
34,117.22,0.069,12,0.456,0.88
12,133.91,0.039,11,0.366,2.5
3,46.75,0.09,1,0.539,10.0
4,81.34,0.0,2,0.209,7.5
23,279.66,0.044,12,0.372,1.3
14,299.73,0.113,5,0.446,2.14
31,315.31,0.163,12,0.688,0.97
5,125.27,0.013,1,0.666,6.0
80,1580.11,0.635,37,0.392,1.88
29,414.94,0.068,18,0.465,1.03
3,25.59,0.027,2,0.393,10.0
37,281.72,0.044,16,0.787,0.81
7,115.84,0.409,4,0.635,4.29
23,117.18,0.038,17,0.704,1.3
2,70.28,0.206,5,0.564,15.0
4,42.87,0.009,4,0.653,7.5
12,65.79,0.206,6,0.699,2.5
11,198.04,0.027,11,0.291,2.73
11,91.23,0.14,8,0.132,2.73
12,180.32,0.05,9,0.719,2.5
4,65.66,0.053,4,0.081,7.5
15,147.24,0.001,9,0.671,2.0
5,51.77,0.098,5,0.923,6.0
4,42.97,0.114,3,0.686,7.5
15,124.73,0.347,6,0.614,2.0
16,82.71,0.431,10,0.508,1.88
2,52.29,0.012,1,0.595,15.0
3,60.96,0.058,2,0.274,10.0
17,278.02,0.548,5,0.369,1.76
12,80.77,0.173,8,0.229,2.5
31,109.38,0.376,14,0.245,0.97
16,52.21,0.039,14,0.335,1.88
11,162.06,0.207,4,0.474,2.73
12,80.06,0.029,11,0.334,2.5
3,65.6,0.004,2,0.487,10.0
4,98.67,0.003,4,0.434,7.5
75,2284.19,0.786,26,0.178,1.76
15,125.48,0.121,5,0.464,2.0
16,69.7,0.165,11,0.695,1.88
3,104.68,0.024,2,0.347,10.0
4,104.62,0.079,1,0.348,7.5
15,111.89,0.39,2,0.831,2.0
12,169.89,0.002,12,0.576,2.5
17,56.22,0.169,9,0.355,1.76
16,122.35,0.104,15,0.366,1.88
7,59.59,0.06,2,0.351,4.29
4,39.24,0.281,4,0.443,7.5
35,85.2,0.032,14,0.578,0.86
32,507.44,0.038,14,0.543,0.94
14,41.14,0.292,4,0.835,2.14
18,182.05,0.066,6,0.643,1.67
2,53.3,0.026,9,0.564,15.0
1,13.32,0.003,6,0.65,30.0
5,58.56,0.044,2,0.708,6.0
3,32.75,0.282,1,0.935,10.0
5,41.03,0.006,2,0.398,6.0
3,61.02,0.008,6,0.647,10.0
23,143.01,0.277,9,0.174,1.3
13,168.19,0.179,10,0.525,2.31
1,71.62,0.06,3,0.677,30.0
1,79.81,0.114,2,0.522,30.0
12,52.58,0.144,7,0.152,2.5
5,42.18,0.159,5,0.084,6.0
14,186.59,0.027,4,0.478,2.14
5,30.92,0.261,5,0.599,6.0
14,138.8,0.044,7,0.645,2.14
17,104.11,0.005,6,0.205,1.76
10,221.06,0.025,8,0.633,3.0
67,2324.4,0.852,23,0.579,7.5
4,50.22,0.325,1,0.27,7.5
2,21.54,0.015,2,0.511,15.0
11,109.96,0.108,6,0.785,2.73
6,27.59,0.036,3,0.286,5.0
4,60.05,0.162,2,0.072,7.5
3,35.76,0.263,2,0.25,10.0
17,43.52,0.01,8,0.414,1.76
4,161.42,0.001,2,0.584,7.5
16,156.44,0.305,6,0.734,1.88
15,222.31,0.198,7,0.46,2.0
3,70.76,0.107,4,0.612,10.0
2,74.31,0.048,1,0.826,15.0
35,62.4,0.178,15,0.647,0.86
24,281.88,0.209,19,0.541,1.25
27,372.58,0.098,15,0.63,1.11
3,38.7,0.149,2,0.862,10.0
39,402.26,0.069,11,0.648,0.77
32,89.88,0.09,15,0.645,0.94
3,35.39,0.001,1,0.701,10.0
3,45.01,0.143,4,0.168,10.0
30,346.35,0.175,19,0.597,1.0
2,94.95,0.007,3,0.716,15.0
12,25.4,0.513,9,0.557,2.5
4,43.13,0.032,8,0.331,7.5
4,72.72,0.001,2,0.166,7.5
24,246.71,0.291,10,0.387,1.25
18,27.74,0.268,8,0.493,1.67
3,50.47,0.057,2,0.913,10.0
3,14.44,0.133,3,0.736,10.0
2,68.07,0.2,5,0.668,15.0
13,87.63,0.175,10,0.494,2.31
18,125.36,0.376,5,0.489,1.67
14,115.9,0.004,9,0.309,2.14
6,44.85,0.061,3,0.141,5.0
5,69.29,0.002,1,0.243,6.0
13,72.85,0.234,12,0.778,2.31
5,47.26,0.14,1,0.733,6.0
11,170.95,0.089,6,0.402,2.73
9,134.89,0.174,10,0.702,3.33
4,59.79,0.148,5,0.741,7.5
10,175.04,0.0,6,0.419,3.0
27,331.45,0.482,17,0.404,1.11
11,91.21,0.24,8,0.792,2.73
14,228.14,0.069,11,0.449,2.14
13,88.02,0.444,6,0.259,2.31
3,59.25,0.17,3,0.951,10.0
4,48.28,0.128,6,0.643,7.5
21,185.98,0.123,13,0.857,1.43
6,130.0,0.489,6,0.27,5.0
3,83.0,0.222,3,0.503,10.0
4,48.04,0.012,3,0.03,7.5
2,69.31,0.103,1,0.584,15.0
1,113.57,0.01,1,0.857,30.0
40,270.8,0.016,14,0.231,0.75
6,20.1,0.001,5,0.893,5.0
3,35.11,0.052,2,0.087,10.0
13,212.02,0.08,3,0.841,2.31
31,171.83,0.262,18,0.598,0.97
14,171.63,0.531,10,0.851,2.14
10,43.81,0.246,9,0.714,3.0
27,89.03,0.229,18,0.85,1.11
29,170.77,0.013,22,0.322,1.03
36,471.77,0.219,11,0.366,0.83
1,93.2,0.0,2,0.562,30.0
2,168.19,0.166,1,0.394,15.0
15,174.52,0.11,3,0.705,2.0
25,486.17,0.006,11,0.667,1.2
4,42.62,0.111,5,0.257,7.5
9,373.61,0.168,9,0.394,3.33
4,68.46,0.136,4,0.758,7.5
7,42.4,0.065,2,0.478,4.29
8,129.8,0.428,8,0.845,3.75
17,82.99,0.001,5,0.438,1.76
1,58.74,0.009,3,0.244,30.0
4,37.13,0.526,1,0.733,7.5
11,35.81,0.048,9,0.489,2.73
11,105.76,0.161,8,0.512,2.73
5,76.58,0.122,5,0.291,6.0
13,40.53,0.038,10,0.598,2.31
14,309.05,0.1,5,0.165,2.14
9,134.51,0.045,11,0.433,3.33
6,74.82,0.068,4,0.187,5.0
11,209.81,0.495,8,0.365,2.73
32,198.71,0.136,13,0.761,0.94
13,108.65,0.354,5,0.227,2.31
5,85.7,0.538,3,0.227,6.0
38,181.04,0.027,19,0.56,0.79
16,38.55,0.351,5,0.093,1.88
16,101.55,0.363,5,0.247,1.88
1,55.69,0.023,2,0.204,30.0
2,70.87,0.042,1,0.659,15.0
11,43.81,0.21,3,0.129,2.73
1,26.99,0.182,2,0.531,30.0
1,120.61,0.005,3,0.65,30.0
10,139.15,0.082,3,0.482,3.0
14,58.08,0.121,8,0.008,2.14
5,37.23,0.115,12,0.462,6.0
17,168.56,0.053,7,0.675,1.76
3,53.05,0.13,4,0.27,10.0
19,169.74,0.314,8,0.544,1.58
14,87.4,0.428,2,0.298,2.14
37,572.37,0.053,14,0.2,0.81
10,29.74,0.186,7,0.313,3.0
5,23.77,0.001,1,0.353,6.0
32,252.23,0.322,16,0.392,0.94
10,39.53,0.055,5,0.694,3.0
4,27.46,0.069,4,0.771,7.5
16,67.94,0.228,8,0.458,1.88
17,141.19,0.045,5,0.807,1.76
6,94.12,0.058,1,0.128,5.0
27,380.19,0.039,23,0.903,1.11
13,176.83,0.202,11,0.589,2.31
4,92.92,0.021,3,0.636,7.5
4,14.51,0.0,3,0.43,7.5
5,62.54,0.101,5,0.095,6.0
33,237.5,0.014,21,0.339,0.91
9,30.48,0.155,3,0.44,3.33
4,62.17,0.37,4,0.474,7.5
9,64.36,0.139,11,0.043,3.33
79,1714.09,0.798,22,0.191,1.67
4,47.44,0.057,3,0.501,7.5
6,99.33,0.203,3,0.944,5.0
4,22.52,0.0,2,0.58,7.5
4,16.61,0.063,3,0.896,7.5
16,39.53,0.292,12,0.347,1.88
18,63.96,0.058,14,0.985,1.67
29,109.76,0.097,14,0.54,1.03
29,327.88,0.054,14,0.698,1.03
6,52.72,0.013,8,0.076,5.0
7,136.6,0.36,6,0.835,4.29
5,45.01,0.006,2,0.458,6.0
3,18.82,0.019,2,0.604,10.0
51,1077.09,0.647,23,0.306,0.77
3,39.33,0.145,6,0.516,10.0
32,420.93,0.071,16,0.626,0.94
8,288.39,0.081,7,0.325,3.75
6,56.05,0.008,6,0.802,5.0
10,155.1,0.035,7,0.329,3.0
3,38.73,0.088,2,0.372,10.0
12,69.31,0.037,10,0.331,2.5
20,91.07,0.13,6,0.477,1.5
4,95.14,0.076,11,0.215,7.5
10,34.66,0.046,9,0.198,3.0
30,290.62,0.009,7,0.904,1.0
2,42.01,0.142,1,0.862,15.0
2,58.0,0.117,1,0.373,15.0
18,77.02,0.428,11,0.636,1.67
2,69.01,0.221,2,0.749,15.0
2,47.96,0.124,4,0.753,15.0
3,85.86,0.019,3,0.468,10.0
25,440.81,0.003,13,0.912,1.2
2,79.97,0.029,8,0.298,15.0
9,50.5,0.116,10,0.377,3.33
16,121.51,0.3,8,0.778,1.88
8,86.71,0.122,7,0.64,3.75
14,123.86,0.584,12,0.33,2.14
33,282.96,0.096,17,0.857,0.91
2,91.51,0.166,1,0.198,15.0
4,44.04,0.042,3,0.754,7.5
7,92.51,0.044,3,0.45,4.29
15,151.97,0.048,6,0.721,2.0
13,88.06,0.405,8,0.713,2.31
11,171.64,0.012,6,0.6,2.73
14,112.27,0.401,9,0.499,2.14
15,208.04,0.263,13,0.4,2.0
10,149.81,0.353,6,0.946,3.0
2,99.52,0.085,4,0.397,15.0
4,36.82,0.076,2,0.799,7.5
10,88.06,0.152,7,0.254,3.0
9,173.68,0.193,13,0.477,3.33
4,47.15,0.416,1,0.655,7.5
2,18.33,0.002,3,0.107,15.0
3,59.94,0.068,2,0.374,10.0
2,16.34,0.031,6,0.661,15.0
18,87.19,0.273,8,0.822,1.67
34,412.42,0.002,10,0.635,0.88
4,58.96,0.031,5,0.524,7.5
12,56.07,0.02,7,0.159,2.5
5,39.83,0.024,1,0.53,6.0
19,169.87,0.339,13,0.646,1.58
15,123.57,0.247,6,0.21,2.0
13,65.77,0.032,11,0.359,2.31
34,369.41,0.172,13,0.422,0.88
5,50.13,0.144,4,0.433,6.0
9,28.84,0.121,3,0.311,3.33
2,48.55,0.05,4,0.293,15.0
16,52.41,0.182,5,0.341,1.88
7,42.53,0.263,4,0.319,4.29
12,126.84,0.182,11,0.562,2.5
4,54.5,0.036,1,0.533,7.5
5,27.75,0.1,2,0.416,6.0
11,159.24,0.03,13,0.656,2.73
6,55.59,0.171,4,0.221,5.0
20,212.62,0.287,8,0.285,1.5
2,76.91,0.032,2,0.705,15.0
12,75.34,0.045,10,0.798,2.5
27,272.16,0.142,13,0.597,1.11
3,114.71,0.179,6,0.231,10.0
13,72.58,0.115,6,0.594,2.31
14,124.17,0.136,8,0.398,2.14
3,48.54,0.007,1,0.084,10.0
7,98.03,0.049,12,0.888,4.29
38,260.48,0.243,18,0.822,0.79
5,34.2,0.262,2,0.685,6.0
6,31.12,0.061,3,0.638,5.0
13,159.57,0.086,7,0.332,2.31
1,53.71,0.033,1,0.2,30.0
8,28.06,0.216,2,0.841,3.75
12,127.52,0.004,6,0.754,2.5
13,154.3,0.4,6,0.611,2.31
10,148.48,0.204,6,0.603,3.0
18,276.18,0.165,2,0.293,1.67
6,24.85,0.029,8,0.868,5.0
34,122.84,0.692,11,0.685,0.88
35,386.47,0.199,15,0.309,0.86
14,51.11,0.247,6,0.193,2.14
16,87.93,0.04,8,0.313,1.88
19,100.95,0.283,6,0.55,1.58
9,40.49,0.054,4,0.418,3.33
17,99.77,0.071,12,0.306,1.76
4,16.95,0.0,3,0.366,7.5
3,91.06,0.038,3,0.209,10.0
9,96.06,0.11,2,0.427,3.33
11,142.61,0.364,6,0.835,2.73
11,38.79,0.137,8,0.65,2.73
11,167.2,0.134,7,0.566,2.73
4,84.22,0.004,5,0.226,7.5
1,107.59,0.076,3,0.391,30.0
16,82.45,0.193,9,0.706,1.88
4,42.22,0.027,7,0.358,7.5
18,93.93,0.021,10,0.82,1.67
1,64.19,0.012,2,0.649,30.0
8,67.92,0.327,10,0.042,3.75
30,335.7,0.488,10,0.669,1.0
44,1296.33,0.946,35,0.73,1.76
4,15.86,0.018,5,0.444,7.5
16,200.89,0.286,7,0.419,1.88
11,31.6,0.0,7,0.764,2.73
9,111.04,0.073,7,0.369,3.33
12,115.93,0.102,9,0.91,2.5
25,205.43,0.367,28,0.782,1.2
5,69.67,0.243,1,0.137,6.0
34,576.4,0.463,12,0.076,0.88
25,127.47,0.313,8,0.477,1.2
3,32.3,0.063,2,0.316,10.0
3,47.82,0.039,4,0.325,10.0
33,346.29,0.146,15,0.778,0.91
1,25.83,0.457,4,0.169,30.0
4,19.32,0.296,3,0.68,7.5
3,49.57,0.384,8,0.657,10.0
25,125.44,0.045,14,0.538,1.2
25,388.59,0.049,17,0.796,1.2
10,112.86,0.388,8,0.571,3.0
15,29.25,0.6,4,0.346,2.0
4,97.13,0.016,2,0.287,7.5
5,38.41,0.0,3,0.56,6.0
4,48.17,0.069,3,0.714,7.5
6,30.85,0.233,1,0.676,5.0
13,170.58,0.119,8,0.888,2.31
35,484.2,0.11,19,0.855,0.86
6,40.58,0.207,1,0.77,5.0
15,205.48,0.222,4,0.476,2.0
13,55.97,0.415,8,0.38,2.31
3,57.16,0.279,6,0.338,10.0
6,50.69,0.209,5,0.621,5.0
18,70.37,0.164,7,0.581,1.67
2,73.2,0.017,4,0.355,15.0
12,233.5,0.212,4,0.49,2.5
5,115.81,0.176,2,0.612,6.0
12,111.24,0.035,6,0.516,2.5
3,98.82,0.0,3,0.782,10.0
1,80.02,0.118,2,0.066,30.0
8,59.84,0.049,5,0.527,3.75
65,1425.13,0.806,26,0.396,30.0
7,43.39,0.308,2,0.655,4.29
16,73.18,0.448,9,0.232,1.88
3,95.94,0.362,2,0.432,10.0
25,803.79,0.064,6,0.431,1.2
5,118.76,0.184,1,0.484,6.0
4,39.66,0.133,4,0.774,7.5
4,36.68,0.0,5,0.604,7.5
23,225.35,0.115,11,0.445,1.3
16,151.89,0.169,9,0.398,1.88
11,127.37,0.136,5,0.823,2.73
13,195.08,0.04,10,0.28,2.31
73,1725.74,0.732,34,0.438,6.0
6,33.48,0.001,3,0.281,5.0
2,72.98,0.247,4,0.45,15.0
33,275.12,0.101,12,0.87,0.91
18,25.33,0.217,8,0.888,1.67
20,130.97,0.151,5,0.44,1.5
18,197.84,0.081,10,0.722,1.67
2,81.18,0.001,2,0.568,15.0
1,39.64,0.192,4,0.407,30.0
28,389.34,0.063,11,0.455,1.07
9,47.23,0.036,9,0.336,3.33
15,53.12,0.001,9,0.659,2.0
14,148.38,0.072,12,0.117,2.14
17,98.66,0.012,9,0.56,1.76
31,155.55,0.18,14,0.383,0.97
16,163.73,0.02,10,0.16,1.88
7,42.92,0.001,3,0.493,4.29
15,191.93,0.262,12,0.846,2.0
29,223.9,0.001,19,0.535,1.03
3,58.46,0.057,3,0.391,10.0
13,55.22,0.68,6,0.669,2.31
3,19.76,0.367,4,0.833,10.0
27,363.41,0.039,20,0.652,1.11
3,26.32,0.058,4,0.751,10.0
4,68.0,0.0,3,0.429,7.5
11,153.02,0.261,12,0.546,2.73
5,29.37,0.012,3,0.644,6.0
33,225.51,0.033,25,0.4,0.91
1,36.83,0.234,3,0.3,30.0
2,45.76,0.106,6,0.516,15.0
6,87.09,0.207,2,0.309,5.0
16,194.05,0.002,8,0.741,1.88
32,162.27,0.329,9,0.557,0.94
5,31.58,0.26,2,0.029,6.0
17,184.89,0.206,10,0.429,1.76
20,26.89,0.263,4,0.698,1.5
6,38.9,0.014,1,0.524,5.0
1,51.17,0.058,2,0.688,30.0
13,265.29,0.259,8,0.351,2.31
18,251.69,0.065,4,0.36,1.67
13,65.77,0.078,6,0.414,2.31
9,74.02,0.292,5,0.687,3.33
28,406.69,0.037,15,0.306,1.07
11,111.94,0.129,8,0.614,2.73
13,50.14,0.211,5,0.812,2.31
4,133.04,0.105,1,0.613,7.5
12,149.77,0.052,14,0.411,2.5
15,113.16,0.247,8,0.094,2.0
4,147.66,0.012,7,0.85,7.5
31,118.38,0.051,15,0.665,0.97
33,454.86,0.0,19,0.592,0.91
2,74.88,0.158,3,0.617,15.0
14,119.46,0.014,3,0.859,2.14
10,137.91,0.255,9,0.46,3.0
3,48.5,0.029,3,0.31,10.0
11,109.07,0.315,8,0.333,2.73
10,57.32,0.132,4,0.241,3.0
7,54.14,0.015,6,0.897,4.29
15,117.15,0.586,3,0.535,2.0
1,56.49,0.019,2,0.296,30.0
16,111.33,0.3,12,0.5,1.88
15,164.67,0.007,15,0.721,2.0
6,81.64,0.369,12,0.561,5.0
13,30.28,0.103,6,0.534,2.31
5,132.79,0.058,1,0.567,6.0
11,80.37,0.071,8,0.382,2.73
6,82.05,0.044,5,0.096,5.0
15,207.73,0.056,9,0.164,2.0
11,338.27,0.328,6,0.803,2.73
27,165.59,0.045,23,0.372,1.11
18,142.81,0.329,5,0.699,1.67
13,142.71,0.069,7,0.35,2.31
9,91.88,0.234,3,0.656,3.33
2,105.03,0.063,2,0.715,15.0
14,221.56,0.224,14,0.657,2.14
17,214.1,0.066,10,0.405,1.76
15,179.21,0.081,6,0.799,2.0
28,181.64,0.252,11,0.195,1.07
2,31.67,0.07,4,0.457,15.0
3,44.12,0.014,5,0.314,10.0
12,64.99,0.055,8,0.83,2.5
12,73.29,0.069,7,0.454,2.5
14,160.58,0.057,7,0.78,2.14
11,75.65,0.118,7,0.712,2.73
29,360.17,0.564,12,0.366,1.03
23,384.83,0.018,14,0.495,1.3
21,266.52,0.602,6,0.269,1.43
1,46.78,0.015,4,0.862,30.0
7,38.5,0.006,4,0.209,4.29
16,86.15,0.245,6,0.559,1.88
2,38.43,0.001,1,0.528,15.0
1,57.07,0.207,3,0.47,30.0
2,95.09,0.143,1,0.922,15.0
8,12.08,0.001,2,0.085,3.75
18,239.17,0.025,4,0.824,1.67
2,63.44,0.12,2,0.163,15.0
15,156.52,0.32,11,0.355,2.0
30,119.28,0.097,26,0.455,1.0
17,237.23,0.119,7,0.686,1.76
33,189.64,0.147,22,0.359,0.91
23,543.68,0.043,17,0.374,1.3
33,327.82,0.002,25,0.203,0.91
10,93.69,0.066,5,0.546,3.0
5,81.38,0.005,2,0.808,6.0
6,123.2,0.336,8,0.428,5.0
4,141.15,0.286,1,0.242,7.5
12,167.15,0.12,10,0.601,2.5
35,498.24,0.021,15,0.785,0.86
19,98.85,0.155,9,0.347,1.58
14,52.45,0.552,6,0.317,2.14
4,34.31,0.044,1,0.47,7.5
2,79.4,0.019,4,0.732,15.0
32,195.34,0.171,16,0.73,0.94
3,8.96,0.157,2,0.409,10.0
4,67.66,0.003,4,0.547,7.5
18,68.12,0.385,10,0.632,1.67
10,45.98,0.327,11,0.339,3.0
17,119.97,0.268,12,0.708,1.76
35,195.59,0.203,21,0.597,0.86
1,34.81,0.066,2,0.803,30.0
23,315.33,0.054,12,0.623,1.3
26,124.73,0.109,12,0.397,1.15
3,118.49,0.032,1,0.109,10.0
11,80.36,0.33,6,0.8,2.73
13,73.16,0.02,9,0.477,2.31
13,63.16,0.217,8,0.363,2.31
19,185.38,0.093,11,0.511,1.58
3,54.76,0.016,3,0.684,10.0
4,74.88,0.019,3,0.344,7.5
49,1295.71,0.8,24,0.344,30.0
5,23.64,0.277,2,0.323,6.0
5,88.22,0.019,4,0.629,6.0
58,1251.59,0.833,23,0.677,30.0
17,47.54,0.129,8,0.605,1.76
8,23.86,0.389,4,0.711,3.75
2,65.86,0.017,3,0.688,15.0
8,67.16,0.292,2,0.572,3.75
2,34.42,0.605,1,0.525,15.0
11,169.47,0.077,7,0.488,2.73
3,42.64,0.092,3,0.671,10.0
12,116.26,0.399,10,0.541,2.5
14,107.79,0.123,7,0.143,2.14
7,99.91,0.124,6,0.202,4.29
3,81.59,0.027,7,0.485,10.0
13,152.9,0.042,9,0.176,2.31
6,46.65,0.047,6,0.188,5.0
20,141.4,0.113,3,0.533,1.5
48,1874.89,0.615,33,0.612,0.86
11,61.26,0.104,8,0.387,2.73
14,83.61,0.104,6,0.784,2.14
11,145.96,0.118,9,0.137,2.73
3,40.75,0.03,6,0.731,10.0
32,453.48,0.117,16,0.405,0.94
6,45.86,0.009,5,0.575,5.0
4,14.42,0.073,1,0.506,7.5
8,170.37,0.255,17,0.392,3.75
10,75.53,0.417,11,0.426,3.0
11,60.22,0.15,6,0.454,2.73
16,76.16,0.206,10,0.619,1.88
23,183.49,0.056,13,0.769,1.3
15,48.86,0.378,15,0.594,2.0
10,53.82,0.096,4,0.288,3.0
11,26.83,0.581,9,0.776,2.73
4,72.45,0.002,3,0.835,7.5
14,194.49,0.308,7,0.87,2.14
11,143.37,0.078,7,0.414,2.73
10,72.15,0.105,5,0.496,3.0
24,308.22,0.133,18,0.748,1.25
68,991.84,0.671,38,0.377,1.0
12,100.22,0.278,11,0.209,2.5
27,258.29,0.092,15,0.273,1.11
3,92.7,0.274,4,0.561,10.0
3,48.32,0.003,3,0.145,10.0
29,179.2,0.186,19,0.605,1.03
4,99.86,0.116,2,0.651,7.5
4,29.3,0.09,3,0.35,7.5
13,56.75,0.189,9,0.32,2.31
14,108.5,0.094,9,0.637,2.14
2,48.74,0.059,3,0.075,15.0
18,74.68,0.049,7,0.493,1.67
18,238.52,0.389,9,0.906,1.67
4,66.44,0.496,5,0.489,7.5
3,121.4,0.0,3,0.822,10.0
11,292.98,0.14,2,0.687,2.73
17,78.93,0.026,9,0.625,1.76
5,59.15,0.002,1,0.839,6.0
